shipment_id,order_id,warehouse_id,vehicle_id,driver_id,shipment_date,expected_delivery,actual_delivery,status,destination_city
S0001,O0122,W007,V032,D032,2026-08-03 04:00:00,2026-08-06 04:00:00,2026-08-08 04:00:00,delivered,Ahmedabad
S0002,O0459,W006,V030,D030,2026-08-25 02:00:00,2026-08-30 02:00:00,2026-08-29 02:00:00,delivered,Delhi
S0003,O0304,W010,V004,D004,2026-08-15 04:00:00,2026-08-17 04:00:00,2026-08-19 04:00:00,delivered,Ahmedabad
S0004,O0426,W006,V021,D021,2026-08-16 08:00:00,2026-08-18 08:00:00,2026-08-18 08:00:00,delivered,Lucknow
S0005,O0055,W003,V029,D029,2026-08-16 10:00:00,2026-08-20 10:00:00,2026-08-20 10:00:00,delivered,Bengaluru
S0006,O0158,W008,V017,D017,2026-08-29 03:00:00,2026-08-30 03:00:00,2026-08-30 03:00:00,delivered,Jaipur
S0007,O0428,W006,V010,D010,2026-08-04 07:00:00,2026-08-07 07:00:00,2026-08-06 07:00:00,delivered,Gurugram
S0008,O0420,W003,V002,D002,2026-08-14 14:00:00,2026-08-19 14:00:00,,in_transit,Jaipur
S0009,O0049,W008,V007,D007,2026-08-27 04:00:00,2026-08-28 04:00:00,2026-08-29 04:00:00,delivered,Lucknow
S0010,O0102,W007,V024,D024,2026-08-23 20:00:00,2026-08-24 20:00:00,,in_transit,Gurugram
S0011,O0470,W002,V002,D002,2026-08-04 06:00:00,2026-08-08 06:00:00,,delayed,Delhi
S0012,O0464,W006,V008,D008,2026-08-03 14:00:00,2026-08-04 14:00:00,2026-08-03 14:00:00,delivered,Bengaluru
S0013,O0016,W007,V044,D044,2026-08-15 05:00:00,2026-08-18 05:00:00,2026-08-17 05:00:00,delivered,Bengaluru
S0014,O0453,W003,V003,D003,2026-08-21 19:00:00,2026-08-26 19:00:00,2026-08-25 19:00:00,delivered,Kolkata
S0015,O0246,W001,V006,D006,2026-08-10 12:00:00,2026-08-12 12:00:00,2026-08-12 12:00:00,delivered,Chandigarh
S0016,O0411,W009,V002,D002,2026-08-14 11:00:00,2026-08-18 11:00:00,2026-08-17 11:00:00,delivered,Pune
S0017,O0139,W003,V002,D002,2026-08-12 19:00:00,2026-08-14 19:00:00,2026-08-16 19:00:00,delivered,Noida
S0018,O0415,W008,V034,D034,2026-08-13 18:00:00,2026-08-15 18:00:00,,cancelled,Delhi
S0019,O0127,W004,V018,D018,2026-08-19 01:00:00,2026-08-21 01:00:00,2026-08-23 01:00:00,delivered,Mumbai
S0020,O0479,W003,V012,D012,2026-08-09 18:00:00,2026-08-12 18:00:00,,delayed,Ahmedabad
S0021,O0184,W010,V002,D002,2026-08-24 11:00:00,2026-08-29 11:00:00,2026-08-29 11:00:00,delivered,Bengaluru
S0022,O0278,W005,V012,D012,2026-08-17 01:00:00,2026-08-18 01:00:00,2026-08-18 01:00:00,delivered,Kolkata
S0023,O0245,W001,V022,D022,2026-08-31 19:00:00,2026-09-02 19:00:00,,delayed,Mumbai
S0024,O0368,W003,V021,D021,2026-08-03 00:00:00,2026-08-05 00:00:00,,in_transit,Lucknow
S0025,O0397,W002,V034,D034,2026-08-29 11:00:00,2026-08-30 11:00:00,2026-09-01 11:00:00,delivered,Hyderabad
S0026,O0052,W006,V020,D020,2026-08-12 04:00:00,2026-08-14 04:00:00,,in_transit,Pune
S0027,O0406,W008,V042,D042,2026-08-12 05:00:00,2026-08-17 05:00:00,,in_transit,Hyderabad
S0028,O0403,W006,V015,D015,2026-08-23 18:00:00,2026-08-25 18:00:00,2026-08-24 18:00:00,delivered,Lucknow
S0029,O0091,W001,V045,D045,2026-08-20 12:00:00,2026-08-25 12:00:00,2026-08-25 12:00:00,delivered,Chandigarh
S0030,O0290,W002,V032,D032,2026-08-06 10:00:00,2026-08-07 10:00:00,2026-08-08 10:00:00,delivered,Chandigarh
S0031,O0454,W002,V046,D046,2026-08-23 20:00:00,2026-08-26 20:00:00,2026-08-26 20:00:00,delivered,Ahmedabad
S0032,O0035,W006,V017,D017,2026-08-27 03:00:00,2026-08-28 03:00:00,2026-08-27 03:00:00,delivered,Lucknow
S0033,O0453,W007,V032,D032,2026-08-30 12:00:00,2026-09-02 12:00:00,2026-09-01 12:00:00,delivered,Hyderabad
S0034,O0334,W004,V011,D011,2026-08-16 02:00:00,2026-08-17 02:00:00,2026-08-17 02:00:00,delivered,Delhi
S0035,O0176,W003,V025,D025,2026-08-07 02:00:00,2026-08-12 02:00:00,,cancelled,Delhi
S0036,O0174,W010,V040,D040,2026-08-30 15:00:00,2026-08-31 15:00:00,2026-08-30 15:00:00,delivered,Lucknow
S0037,O0028,W002,V022,D022,2026-08-08 06:00:00,2026-08-12 06:00:00,,in_transit,Ahmedabad
S0038,O0474,W009,V017,D017,2026-08-23 09:00:00,2026-08-26 09:00:00,2026-08-25 09:00:00,delivered,Lucknow
S0039,O0028,W006,V001,D001,2026-08-15 02:00:00,2026-08-18 02:00:00,,delayed,Chandigarh
S0040,O0308,W008,V013,D013,2026-08-05 00:00:00,2026-08-07 00:00:00,2026-08-07 00:00:00,delivered,Bengaluru
S0041,O0433,W002,V020,D020,2026-08-27 12:00:00,2026-08-31 12:00:00,2026-08-31 12:00:00,delivered,Chandigarh
S0042,O0279,W007,V012,D012,2026-08-13 12:00:00,2026-08-16 12:00:00,2026-08-15 12:00:00,delivered,Bengaluru
S0043,O0135,W004,V018,D018,2026-08-20 01:00:00,2026-08-22 01:00:00,,in_transit,Chandigarh
S0044,O0050,W002,V043,D043,2026-08-13 17:00:00,2026-08-17 17:00:00,,cancelled,Hyderabad
S0045,O0117,W009,V004,D004,2026-08-28 12:00:00,2026-09-02 12:00:00,2026-09-01 12:00:00,delivered,Hyderabad
S0046,O0452,W004,V031,D031,2026-08-11 02:00:00,2026-08-15 02:00:00,,delayed,Ahmedabad
S0047,O0018,W009,V037,D037,2026-08-30 16:00:00,2026-09-04 16:00:00,,in_transit,Hyderabad
S0048,O0076,W002,V049,D049,2026-08-16 05:00:00,2026-08-18 05:00:00,,cancelled,Jaipur
S0049,O0065,W001,V028,D028,2026-08-04 13:00:00,2026-08-06 13:00:00,,cancelled,Chandigarh
S0050,O0076,W010,V017,D017,2026-08-12 02:00:00,2026-08-13 02:00:00,2026-08-12 02:00:00,delivered,Gurugram
S0051,O0267,W008,V001,D001,2026-08-27 19:00:00,2026-09-01 19:00:00,2026-08-31 19:00:00,delivered,Lucknow
S0052,O0076,W010,V038,D038,2026-08-20 03:00:00,2026-08-21 03:00:00,2026-08-20 03:00:00,delivered,Kolkata
S0053,O0451,W006,V027,D027,2026-08-10 12:00:00,2026-08-14 12:00:00,2026-08-14 12:00:00,delivered,Gurugram
S0054,O0207,W003,V040,D040,2026-08-21 12:00:00,2026-08-22 12:00:00,2026-08-23 12:00:00,delivered,Noida
S0055,O0382,W008,V018,D018,2026-08-30 11:00:00,2026-08-31 11:00:00,2026-09-02 11:00:00,delivered,Gurugram
S0056,O0432,W008,V045,D045,2026-08-23 03:00:00,2026-08-25 03:00:00,2026-08-27 03:00:00,delivered,Mumbai
S0057,O0138,W007,V039,D039,2026-08-22 02:00:00,2026-08-24 02:00:00,2026-08-26 02:00:00,delivered,Ahmedabad
S0058,O0249,W009,V024,D024,2026-08-28 01:00:00,2026-09-02 01:00:00,,delayed,Delhi
S0059,O0160,W009,V026,D026,2026-08-06 16:00:00,2026-08-11 16:00:00,2026-08-11 16:00:00,delivered,Noida
S0060,O0128,W001,V030,D030,2026-08-03 11:00:00,2026-08-05 11:00:00,2026-08-07 11:00:00,delivered,Chandigarh
S0061,O0473,W002,V044,D044,2026-08-02 07:00:00,2026-08-05 07:00:00,2026-08-04 07:00:00,delivered,Hyderabad
S0062,O0283,W006,V023,D023,2026-08-07 08:00:00,2026-08-08 08:00:00,2026-08-08 08:00:00,delivered,Hyderabad
S0063,O0400,W004,V015,D015,2026-08-22 07:00:00,2026-08-24 07:00:00,2026-08-24 07:00:00,delivered,Chandigarh
S0064,O0005,W008,V009,D009,2026-08-22 05:00:00,2026-08-27 05:00:00,,delayed,Jaipur
S0065,O0130,W010,V020,D020,2026-08-24 20:00:00,2026-08-27 20:00:00,2026-08-26 20:00:00,delivered,Bengaluru
S0066,O0130,W004,V030,D030,2026-08-11 16:00:00,2026-08-16 16:00:00,2026-08-15 16:00:00,delivered,Kolkata
S0067,O0332,W010,V039,D039,2026-08-11 09:00:00,2026-08-12 09:00:00,2026-08-11 09:00:00,delivered,Chandigarh
S0068,O0167,W005,V017,D017,2026-08-22 20:00:00,2026-08-25 20:00:00,2026-08-25 20:00:00,delivered,Noida
S0069,O0413,W010,V026,D026,2026-08-23 10:00:00,2026-08-25 10:00:00,,in_transit,Chandigarh
S0070,O0255,W005,V017,D017,2026-08-31 13:00:00,2026-09-04 13:00:00,2026-09-04 13:00:00,delivered,Mumbai
S0071,O0372,W004,V044,D044,2026-08-19 20:00:00,2026-08-23 20:00:00,,delayed,Chandigarh
S0072,O0184,W009,V020,D020,2026-08-29 05:00:00,2026-09-03 05:00:00,2026-09-03 05:00:00,delivered,Ahmedabad
S0073,O0133,W009,V049,D049,2026-08-31 05:00:00,2026-09-03 05:00:00,,in_transit,Jaipur
S0074,O0182,W004,V048,D048,2026-08-29 09:00:00,2026-09-02 09:00:00,,delayed,Mumbai
S0075,O0191,W005,V038,D038,2026-08-11 14:00:00,2026-08-12 14:00:00,2026-08-13 14:00:00,delivered,Bengaluru
S0076,O0456,W004,V033,D033,2026-08-05 12:00:00,2026-08-10 12:00:00,2026-08-10 12:00:00,delivered,Lucknow
S0077,O0103,W006,V027,D027,2026-08-20 14:00:00,2026-08-22 14:00:00,2026-08-22 14:00:00,delivered,Bengaluru
S0078,O0171,W003,V021,D021,2026-08-22 01:00:00,2026-08-23 01:00:00,2026-08-23 01:00:00,delivered,Hyderabad
S0079,O0392,W003,V032,D032,2026-08-27 02:00:00,2026-08-29 02:00:00,,in_transit,Chandigarh
S0080,O0220,W007,V028,D028,2026-08-17 12:00:00,2026-08-18 12:00:00,2026-08-17 12:00:00,delivered,Noida
S0081,O0457,W006,V049,D049,2026-08-28 16:00:00,2026-08-30 16:00:00,2026-08-30 16:00:00,delivered,Jaipur
S0082,O0356,W006,V020,D020,2026-08-06 03:00:00,2026-08-10 03:00:00,2026-08-10 03:00:00,delivered,Noida
S0083,O0153,W005,V030,D030,2026-08-25 16:00:00,2026-08-30 16:00:00,2026-08-30 16:00:00,delivered,Mumbai
S0084,O0462,W008,V023,D023,2026-08-26 06:00:00,2026-08-28 06:00:00,,cancelled,Pune
S0085,O0010,W004,V015,D015,2026-08-25 04:00:00,2026-08-27 04:00:00,,in_transit,Hyderabad
S0086,O0259,W003,V008,D008,2026-08-13 20:00:00,2026-08-14 20:00:00,2026-08-14 20:00:00,delivered,Hyderabad
S0087,O0025,W002,V042,D042,2026-08-28 00:00:00,2026-08-29 00:00:00,,in_transit,Pune
S0088,O0228,W007,V008,D008,2026-08-19 08:00:00,2026-08-23 08:00:00,,in_transit,Jaipur
S0089,O0356,W001,V020,D020,2026-08-15 03:00:00,2026-08-20 03:00:00,2026-08-20 03:00:00,delivered,Pune
S0090,O0426,W002,V033,D033,2026-08-25 19:00:00,2026-08-26 19:00:00,2026-08-28 19:00:00,delivered,Jaipur
S0091,O0312,W004,V050,D050,2026-08-10 16:00:00,2026-08-12 16:00:00,2026-08-12 16:00:00,delivered,Noida
S0092,O0281,W008,V014,D014,2026-08-24 15:00:00,2026-08-27 15:00:00,2026-08-27 15:00:00,delivered,Delhi
S0093,O0428,W010,V043,D043,2026-08-17 04:00:00,2026-08-18 04:00:00,,delayed,Delhi
S0094,O0371,W002,V017,D017,2026-08-22 07:00:00,2026-08-26 07:00:00,,cancelled,Gurugram
S0095,O0136,W008,V004,D004,2026-08-05 05:00:00,2026-08-06 05:00:00,,delayed,Mumbai
S0096,O0411,W006,V028,D028,2026-08-25 03:00:00,2026-08-26 03:00:00,,delayed,Noida
S0097,O0005,W003,V043,D043,2026-08-22 05:00:00,2026-08-25 05:00:00,2026-08-24 05:00:00,delivered,Ahmedabad
S0098,O0048,W006,V022,D022,2026-08-07 03:00:00,2026-08-11 03:00:00,2026-08-10 03:00:00,delivered,Ahmedabad
S0099,O0436,W008,V027,D027,2026-08-22 05:00:00,2026-08-23 05:00:00,2026-08-23 05:00:00,delivered,Delhi
S0100,O0214,W010,V031,D031,2026-08-27 18:00:00,2026-08-31 18:00:00,2026-08-30 18:00:00,delivered,Hyderabad
S0101,O0015,W003,V031,D031,2026-08-31 15:00:00,2026-09-01 15:00:00,,delayed,Bengaluru
S0102,O0024,W999,V017,D017,2026-08-22 10:00:00,2026-08-23 10:00:00,,in_transit,Chandigarh
S0103,O0269,W010,V047,D047,2026-08-20 07:00:00,2026-08-23 07:00:00,2026-08-23 07:00:00,delivered,Pune
S0104,O0339,W004,V031,D031,2026-08-13 20:00:00,2026-08-17 20:00:00,2026-08-18 20:00:00,delivered,Noida
S0105,O0330,W003,V033,D033,2026-08-29 15:00:00,2026-09-02 15:00:00,,delayed,Delhi
S0106,O0385,W008,V021,D021,2026-08-09 10:00:00,2026-08-12 10:00:00,2026-08-11 10:00:00,delivered,Pune
S0107,O0419,W004,V006,D006,2026-08-16 14:00:00,2026-08-21 14:00:00,2026-08-23 14:00:00,delivered,Mumbai
S0108,O0061,W008,V048,D048,2026-08-22 00:00:00,2026-08-23 00:00:00,2026-08-23 00:00:00,delivered,Delhi
S0109,O0406,W010,V040,D040,2026-08-22 09:00:00,2026-08-27 09:00:00,2026-08-26 09:00:00,delivered,Mumbai
S0110,O0187,W001,V015,D015,2026-08-29 14:00:00,2026-09-01 14:00:00,2026-08-31 14:00:00,delivered,Ahmedabad
S0111,O0337,W006,V046,D046,2026-08-16 03:00:00,2026-08-17 03:00:00,,in_transit,Jaipur
S0112,O0002,W006,V023,D023,2026-08-28 20:00:00,2026-08-31 20:00:00,2026-08-31 20:00:00,delivered,Noida
S0113,O0460,W003,V032,D032,2026-08-06 13:00:00,2026-08-07 13:00:00,2026-08-07 13:00:00,delivered,Pune
S0114,O0111,W008,V013,D013,2026-08-24 10:00:00,2026-08-25 10:00:00,,in_transit,Noida
S0115,O0475,W010,V008,D008,2026-08-26 14:00:00,2026-08-30 14:00:00,,in_transit,Kolkata
S0116,O0069,W008,V001,D001,2026-08-18 01:00:00,2026-08-23 01:00:00,,delayed,Hyderabad
S0117,O0248,W009,V050,D050,2026-08-31 05:00:00,2026-09-05 05:00:00,2026-09-06 05:00:00,delivered,Pune
S0118,O0337,W010,V039,D039,2026-08-30 10:00:00,2026-09-04 10:00:00,,delayed,Pune
S0119,O0312,W004,V018,D018,2026-08-14 10:00:00,2026-08-17 10:00:00,2026-08-16 10:00:00,delivered,Hyderabad
S0120,O0359,W009,V020,D020,2026-08-28 17:00:00,2026-08-31 17:00:00,,in_transit,Kolkata
S0121,O0324,W004,V013,D013,2026-08-08 19:00:00,2026-08-11 19:00:00,,in_transit,Chandigarh
S0122,O0068,W003,V033,D033,2026-08-19 20:00:00,2026-08-22 20:00:00,,in_transit,Mumbai
S0123,O0288,W008,V038,D038,2026-08-20 13:00:00,2026-08-25 13:00:00,2026-08-26 13:00:00,delivered,Kolkata
S0124,O0055,W001,V025,D025,2026-08-06 01:00:00,2026-08-07 01:00:00,2026-08-08 01:00:00,delivered,Gurugram
S0125,O0350,W005,V010,D010,2026-08-28 01:00:00,2026-08-31 01:00:00,2026-08-30 01:00:00,delivered,Bengaluru
S0126,O0053,W010,V044,D044,2026-08-25 17:00:00,2026-08-27 17:00:00,,in_transit,Kolkata
S0127,O0200,W004,V033,D033,2026-08-27 09:00:00,2026-08-28 09:00:00,,delayed,Pune
S0128,O0214,W006,V036,D036,2026-08-03 00:00:00,2026-08-06 00:00:00,2026-08-08 00:00:00,delivered,Jaipur
S0129,O0467,W006,V049,D049,2026-08-20 17:00:00,2026-08-25 17:00:00,2026-08-25 17:00:00,delivered,Gurugram
S0130,O0230,W003,V044,D044,2026-08-04 05:00:00,2026-08-06 05:00:00,,in_transit,Delhi
S0131,O0194,W001,V028,D028,2026-08-10 17:00:00,2026-08-13 17:00:00,2026-08-12 17:00:00,delivered,Noida
S0132,O0170,W008,V046,D046,2026-08-31 04:00:00,2026-09-01 04:00:00,2026-09-01 04:00:00,delivered,Chandigarh
S0133,O0316,W005,V032,D032,2026-08-27 18:00:00,2026-09-01 18:00:00,2026-09-03 18:00:00,delivered,Kolkata
S0134,O0113,W003,V034,D034,2026-08-04 16:00:00,2026-08-06 16:00:00,2026-08-06 16:00:00,delivered,Mumbai
S0135,O0114,W004,V043,D043,2026-08-12 10:00:00,2026-08-15 10:00:00,2026-08-17 10:00:00,delivered,Kolkata
S0136,O0422,W001,V008,D008,2026-08-23 11:00:00,2026-08-27 11:00:00,2026-08-27 11:00:00,delivered,Noida
S0137,O0350,W006,V025,D025,2026-08-31 03:00:00,2026-09-04 03:00:00,2026-09-04 03:00:00,delivered,Kolkata
S0138,O0421,W006,V033,D033,2026-08-27 16:00:00,2026-08-31 16:00:00,2026-08-31 16:00:00,delivered,Mumbai
S0139,O0264,W002,V007,D007,2026-08-07 17:00:00,2026-08-12 17:00:00,2026-08-12 17:00:00,delivered,Chandigarh
S0140,O0218,W002,V014,D014,2026-08-19 13:00:00,2026-08-20 13:00:00,,in_transit,Lucknow
S0141,O0013,W008,V046,D046,2026-08-12 01:00:00,2026-08-13 01:00:00,2026-08-12 01:00:00,delivered,Kolkata
S0142,O0037,W010,V015,D015,2026-08-31 08:00:00,2026-09-04 08:00:00,2026-09-03 08:00:00,delivered,Mumbai
S0143,O0009,W007,V044,D044,2026-08-05 17:00:00,2026-08-06 17:00:00,,in_transit,Hyderabad
S0144,O0033,W010,V003,D003,2026-08-24 02:00:00,2026-08-27 02:00:00,,delayed,Delhi
S0145,O0149,W005,V039,D039,2026-08-04 09:00:00,2026-08-08 09:00:00,2026-08-09 09:00:00,delivered,Bengaluru
S0146,O0081,W009,V015,D015,2026-08-06 12:00:00,2026-08-11 12:00:00,2026-08-10 12:00:00,delivered,Chandigarh
S0147,O0455,W006,V001,D001,2026-08-19 17:00:00,2026-08-21 17:00:00,2026-08-20 17:00:00,delivered,Kolkata
S0148,O0281,W002,V020,D020,2026-08-08 11:00:00,2026-08-10 11:00:00,2026-08-10 11:00:00,delivered,Lucknow
S0149,O0095,W004,V040,D040,2026-08-28 08:00:00,2026-08-30 08:00:00,2026-08-30 08:00:00,delivered,Kolkata
S0150,O0237,W009,V005,D005,2026-08-11 02:00:00,2026-08-14 02:00:00,2026-08-13 02:00:00,delivered,Mumbai
S0151,O0183,W003,V043,D043,2026-08-22 07:00:00,2026-08-23 07:00:00,2026-08-23 07:00:00,delivered,Mumbai
S0152,O0249,W008,V022,D022,2026-08-21 09:00:00,2026-08-26 09:00:00,2026-08-25 09:00:00,delivered,Pune
S0153,O0087,W001,V021,D021,2026-08-09 07:00:00,2026-08-13 07:00:00,2026-08-12 07:00:00,delivered,Bengaluru
S0154,O0237,W008,V023,D023,2026-08-26 09:00:00,2026-08-30 09:00:00,2026-08-30 09:00:00,delivered,Gurugram
S0155,O0440,W003,V035,D999,2026-08-08 08:00:00,2026-08-09 08:00:00,,in_transit,Noida
S0156,O0435,W009,V041,D041,2026-08-02 18:00:00,2026-08-07 18:00:00,2026-08-07 18:00:00,delivered,Kolkata
S0157,O0134,W009,V035,D035,2026-08-17 20:00:00,2026-08-19 20:00:00,2026-08-18 20:00:00,delivered,Lucknow
S0158,O0238,W009,V033,D033,2026-08-04 12:00:00,2026-08-07 12:00:00,2026-08-07 12:00:00,delivered,Kolkata
S0159,O0072,W008,V011,D011,2026-08-07 18:00:00,2026-08-12 18:00:00,,in_transit,Lucknow
S0160,O0377,W008,V023,D023,2026-08-03 07:00:00,2026-08-07 07:00:00,2026-08-07 07:00:00,delivered,Noida
S0161,O0343,W004,V034,D034,2026-08-31 11:00:00,2026-09-04 11:00:00,2026-09-04 11:00:00,delivered,Noida
S0162,O0333,W006,V007,D007,2026-08-24 16:00:00,2026-08-27 16:00:00,,delayed,Gurugram
S0163,O0297,W009,V037,D037,2026-08-07 12:00:00,2026-08-11 12:00:00,2026-08-11 12:00:00,delivered,Kolkata
S0164,O0129,W007,V015,D015,2026-08-18 12:00:00,2026-08-21 12:00:00,,delayed,Mumbai
S0165,O0250,W008,V039,D039,2026-08-02 16:00:00,2026-08-04 16:00:00,2026-08-03 16:00:00,delivered,Jaipur
S0166,O0077,W003,V011,D011,2026-08-13 19:00:00,2026-08-14 19:00:00,,in_transit,Pune
S0167,O0416,W006,V047,D047,2026-08-05 15:00:00,2026-08-09 15:00:00,2026-08-08 15:00:00,delivered,Noida
S0168,O0125,W001,V009,D009,2026-08-20 18:00:00,2026-08-22 18:00:00,2026-08-22 18:00:00,delivered,Noida
S0169,O0086,W005,V012,D012,2026-08-18 12:00:00,2026-08-23 12:00:00,,cancelled,Chandigarh
S0170,O0010,W005,V006,D006,2026-08-08 14:00:00,2026-08-13 14:00:00,,cancelled,Bengaluru
S0171,O0088,W004,V027,D027,2026-08-21 04:00:00,2026-08-26 04:00:00,,delayed,Lucknow
S0172,O0320,W009,V017,D017,2026-08-07 10:00:00,2026-08-11 10:00:00,,in_transit,Delhi
S0173,O0118,W007,V025,D025,2026-08-06 03:00:00,2026-08-07 03:00:00,2026-08-09 03:00:00,delivered,Lucknow
S0174,O0311,W002,V012,D012,2026-08-17 19:00:00,2026-08-22 19:00:00,2026-08-23 19:00:00,delivered,Delhi
S0175,O0247,W003,V039,D039,2026-08-19 00:00:00,2026-08-23 00:00:00,2026-08-23 00:00:00,delivered,Ahmedabad
S0176,O0272,W007,V015,D015,2026-08-27 15:00:00,2026-08-31 15:00:00,2026-09-01 15:00:00,delivered,Pune
S0177,O0069,W005,V031,D031,2026-08-26 07:00:00,2026-08-27 07:00:00,2026-08-29 07:00:00,delivered,Gurugram
S0178,O0097,W001,V046,D046,2026-08-25 00:00:00,2026-08-30 00:00:00,2026-08-29 00:00:00,delivered,Chandigarh
S0179,O0106,W006,V027,D027,2026-08-13 03:00:00,2026-08-15 03:00:00,2026-08-14 03:00:00,delivered,Kolkata
S0180,O0217,W010,V024,D024,2026-08-21 08:00:00,2026-08-25 08:00:00,,in_transit,Pune
S0181,O0283,W009,V031,D031,2026-08-07 11:00:00,2026-08-12 11:00:00,2026-08-11 11:00:00,delivered,Hyderabad
S0182,O0177,W007,V048,D048,2026-08-06 03:00:00,2026-08-08 03:00:00,2026-08-08 03:00:00,delivered,Delhi
S0183,O0110,W009,V026,D026,2026-08-27 10:00:00,2026-09-01 10:00:00,,in_transit,Chandigarh
S0184,O0362,W001,V011,D011,2026-08-14 20:00:00,2026-08-15 20:00:00,,delayed,Lucknow
S0185,O0242,W010,V028,D028,2026-08-04 02:00:00,2026-08-07 02:00:00,2026-08-07 02:00:00,delivered,Ahmedabad
S0186,O0197,W007,V040,D040,2026-08-22 16:00:00,2026-08-25 16:00:00,,in_transit,Hyderabad
S0187,O0030,W003,V041,D041,2026-08-17 14:00:00,2026-08-18 14:00:00,2026-08-17 14:00:00,delivered,Jaipur
S0188,O0018,W010,V033,D033,2026-08-18 07:00:00,2026-08-23 07:00:00,2026-08-23 07:00:00,delivered,Chandigarh
S0189,O0001,W003,V006,D006,2026-08-10 12:00:00,2026-08-13 12:00:00,,in_transit,Pune
S0190,O0301,W004,V034,D034,2026-08-02 02:00:00,2026-08-03 02:00:00,2026-08-02 02:00:00,delivered,Mumbai
S0191,O0494,W005,V015,D015,2026-08-21 06:00:00,2026-08-25 06:00:00,,delayed,Hyderabad
S0192,O0003,W005,V012,D012,2026-08-15 16:00:00,2026-08-16 16:00:00,2026-08-15 16:00:00,delivered,Delhi
S0193,O0412,W009,V017,D017,2026-08-30 17:00:00,2026-09-04 17:00:00,2026-09-03 17:00:00,delivered,Hyderabad
S0194,O0248,W004,V049,D049,2026-08-12 14:00:00,2026-08-16 14:00:00,,delayed,Noida
S0195,O0247,W002,V017,D017,2026-08-04 12:00:00,2026-08-06 12:00:00,,in_transit,Jaipur
S0196,O0410,W006,V027,D027,2026-08-13 16:00:00,2026-08-18 16:00:00,2026-08-19 16:00:00,delivered,Gurugram
S0197,O0048,W007,V044,D044,2026-08-25 10:00:00,2026-08-26 10:00:00,2026-08-25 10:00:00,delivered,Mumbai
S0198,O0112,W010,V018,D018,2026-08-07 06:00:00,2026-08-11 06:00:00,,in_transit,Jaipur
S0199,O0377,W004,V017,D017,2026-08-08 07:00:00,2026-08-10 07:00:00,,delayed,Hyderabad
S0200,O0183,W003,V050,D050,2026-08-05 03:00:00,2026-08-06 03:00:00,,in_transit,Chandigarh
S0201,O0253,W010,V001,D001,2026-08-26 17:00:00,2026-08-27 17:00:00,2026-07-30 10:00:00,delayed,Mumbai
S0202,O0318,W006,V032,D032,2026-08-30 18:00:00,2026-09-02 18:00:00,2026-09-04 18:00:00,delivered,Pune
S0203,O0114,W010,V009,D009,2026-08-03 16:00:00,2026-08-07 16:00:00,2026-08-06 16:00:00,delivered,Pune
S0204,O0441,W003,V030,D030,2026-08-05 16:00:00,2026-08-09 16:00:00,2026-08-09 16:00:00,delivered,Pune
S0205,O0298,W002,V021,D021,2026-08-13 19:00:00,2026-08-16 19:00:00,2026-08-15 19:00:00,delivered,Bengaluru
S0206,O0491,W010,V022,D022,2026-08-13 05:00:00,2026-08-17 05:00:00,2026-08-16 05:00:00,delivered,Mumbai
S0207,O0438,W007,V018,D018,2026-08-16 05:00:00,2026-08-21 05:00:00,2026-08-21 05:00:00,delivered,Delhi
S0208,O0370,W005,V016,D016,2026-08-19 13:00:00,2026-08-23 13:00:00,2026-08-24 13:00:00,delivered,Bengaluru
S0209,O0413,W001,V012,D012,2026-08-15 15:00:00,2026-08-17 15:00:00,,cancelled,Chandigarh
S0210,O0265,W009,V047,D047,2026-08-12 15:00:00,2026-08-15 15:00:00,2026-08-16 15:00:00,delivered,Pune
S0211,O0051,W003,V004,D004,2026-08-08 08:00:00,2026-08-12 08:00:00,,delayed,Delhi
S0212,O0231,W006,V017,D017,2026-08-13 11:00:00,2026-08-18 11:00:00,2026-08-20 11:00:00,delivered,Noida
S0213,O0211,W002,V023,D023,2026-08-29 19:00:00,2026-08-31 19:00:00,2026-08-31 19:00:00,delivered,Gurugram
S0214,O0182,W006,V044,D044,2026-08-18 15:00:00,2026-08-22 15:00:00,,delayed,Pune
S0215,O0315,W005,V030,D030,2026-08-22 04:00:00,2026-08-24 04:00:00,,in_transit,Mumbai
S0216,O0216,W010,V037,D037,2026-08-14 02:00:00,2026-08-15 02:00:00,2026-08-14 02:00:00,delivered,Chandigarh
S0217,O0150,W005,V039,D039,2026-08-22 12:00:00,2026-08-25 12:00:00,,delayed,Mumbai
S0218,O0383,W010,V034,D034,2026-08-16 13:00:00,2026-08-18 13:00:00,2026-08-18 13:00:00,delivered,Chandigarh
S0219,O0129,W002,V014,D014,2026-08-07 12:00:00,2026-08-08 12:00:00,2026-08-10 12:00:00,delivered,Kolkata
S0220,O0028,W001,V050,D050,2026-08-14 16:00:00,2026-08-15 16:00:00,2026-08-15 16:00:00,delivered,Chandigarh
S0221,O0477,W007,V020,D020,2026-08-09 07:00:00,2026-08-12 07:00:00,2026-08-12 07:00:00,delivered,Noida
S0222,O0018,W006,V021,D021,2026-08-29 15:00:00,2026-09-02 15:00:00,,cancelled,Kolkata
S0223,O0479,W005,V036,D036,2026-08-16 04:00:00,2026-08-21 04:00:00,2026-08-20 04:00:00,delivered,Kolkata
S0224,O0328,W009,V020,D020,2026-08-31 11:00:00,2026-09-04 11:00:00,2026-09-06 11:00:00,delivered,Gurugram
S0225,O0188,W007,V017,D017,2026-08-06 09:00:00,2026-08-07 09:00:00,2026-08-08 09:00:00,delivered,Mumbai
S0226,O0147,W008,V035,D035,2026-08-02 15:00:00,2026-08-06 15:00:00,2026-08-08 15:00:00,delivered,Hyderabad
S0227,O0119,W001,V036,D036,2026-08-13 06:00:00,2026-08-17 06:00:00,,delayed,Pune
S0228,O0203,W004,V011,D011,2026-08-24 20:00:00,2026-08-28 20:00:00,,delayed,Jaipur
S0229,O0135,W002,V028,D028,2026-08-22 07:00:00,2026-08-27 07:00:00,,delayed,Hyderabad
S0230,O0414,W005,V019,D019,2026-08-22 17:00:00,2026-08-25 17:00:00,2026-08-26 17:00:00,delivered,Lucknow
S0231,O0149,W002,V041,D041,2026-08-16 19:00:00,2026-08-20 19:00:00,2026-08-20 19:00:00,delivered,Mumbai
S0232,O0010,W003,V004,D004,2026-08-19 00:00:00,2026-08-21 00:00:00,,cancelled,Gurugram
S0233,O0138,W003,V046,D046,2026-08-16 00:00:00,2026-08-18 00:00:00,2026-08-18 00:00:00,delivered,Mumbai
S0234,O0216,W005,V032,D032,2026-08-13 14:00:00,2026-08-14 14:00:00,2026-08-15 14:00:00,delivered,Noida
S0235,O0137,W007,V005,D005,2026-08-19 15:00:00,2026-08-21 15:00:00,2026-08-23 15:00:00,delivered,Noida
S0236,O0063,W004,V025,D025,2026-08-26 14:00:00,2026-08-28 14:00:00,,in_transit,Noida
S0237,O0102,W008,V048,D048,2026-08-26 03:00:00,2026-08-31 03:00:00,,in_transit,Jaipur
S0238,O0243,W007,V044,D044,2026-08-11 10:00:00,2026-08-13 10:00:00,,in_transit,Noida
S0239,O0382,W009,V034,D034,2026-08-05 08:00:00,2026-08-09 08:00:00,,in_transit,Jaipur
S0240,O0185,W001,V043,D043,2026-08-08 03:00:00,2026-08-10 03:00:00,,in_transit,Mumbai
S0241,O0008,W003,V018,D018,2026-08-20 03:00:00,2026-08-24 03:00:00,,delayed,Noida
S0242,O0497,W001,V038,D038,2026-08-27 15:00:00,2026-09-01 15:00:00,2026-09-02 15:00:00,delivered,Lucknow
S0243,O0256,W002,V044,D044,2026-08-21 10:00:00,2026-08-22 10:00:00,2026-08-22 10:00:00,delivered,Lucknow
S0244,O0250,W004,V021,D021,2026-08-19 20:00:00,2026-08-22 20:00:00,,delayed,Bengaluru
S0245,O0376,W004,V002,D002,2026-08-24 12:00:00,2026-08-27 12:00:00,,in_transit,Gurugram
S0246,O0461,W001,V032,D032,2026-08-24 14:00:00,2026-08-29 14:00:00,2026-08-29 14:00:00,delivered,Hyderabad
S0247,O0096,W009,V023,D023,2026-08-12 14:00:00,2026-08-15 14:00:00,,delayed,Hyderabad
S0248,O0469,W009,V011,D011,2026-08-04 16:00:00,2026-08-06 16:00:00,2026-08-08 16:00:00,delivered,Bengaluru
S0249,O0001,W009,V025,D025,2026-08-25 05:00:00,2026-08-26 05:00:00,,in_transit,Mumbai
S0250,O0398,W010,V016,D016,2026-08-12 02:00:00,2026-08-17 02:00:00,,delayed,Jaipur
S0251,O0269,W008,V050,D050,2026-08-19 04:00:00,2026-08-24 04:00:00,2026-08-23 04:00:00,delivered,Delhi
S0252,O0050,W009,V043,D043,2026-08-04 01:00:00,2026-08-06 01:00:00,2026-08-06 01:00:00,delivered,Bengaluru
S0253,O0099,W002,V003,D003,2026-08-20 20:00:00,2026-08-24 20:00:00,,in_transit,Kolkata
S0254,O0320,W010,V017,D017,2026-08-03 11:00:00,2026-08-05 11:00:00,,in_transit,Delhi
S0255,O0007,W004,V042,D042,2026-08-17 02:00:00,2026-08-21 02:00:00,,delayed,Noida
S0256,O0185,W009,V048,D048,2026-08-30 13:00:00,2026-09-02 13:00:00,,delayed,Noida
S0257,O0422,W010,V018,D018,2026-08-18 01:00:00,2026-08-19 01:00:00,,delayed,Delhi
S0258,O0484,W004,V034,D034,2026-08-05 03:00:00,2026-08-07 03:00:00,2026-08-07 03:00:00,delivered,Hyderabad
S0259,O0321,W003,V036,D036,2026-08-25 17:00:00,2026-08-29 17:00:00,,in_transit,Chandigarh
S0260,O0296,W006,V044,D044,2026-08-16 13:00:00,2026-08-17 13:00:00,2026-08-16 13:00:00,delivered,Kolkata
S0261,O0173,W003,V035,D035,2026-08-21 14:00:00,2026-08-24 14:00:00,,delayed,Kolkata
S0262,O0167,W006,V027,D027,2026-08-26 20:00:00,2026-08-30 20:00:00,,delayed,Mumbai
S0263,O0312,W004,V037,D037,2026-08-19 06:00:00,2026-08-23 06:00:00,,delayed,Ahmedabad
S0264,O0131,W006,V029,D029,2026-08-16 12:00:00,2026-08-17 12:00:00,,in_transit,Gurugram
S0265,O0306,W001,V034,D034,2026-08-06 09:00:00,2026-08-07 09:00:00,2026-08-06 09:00:00,delivered,Noida
S0266,O0396,W005,V036,D036,2026-08-18 17:00:00,2026-08-23 17:00:00,,delayed,Lucknow
S0267,O0049,W001,V030,D030,2026-08-13 04:00:00,2026-08-15 04:00:00,2026-08-16 04:00:00,delivered,Jaipur
S0268,O0132,W005,V006,D006,2026-08-20 12:00:00,2026-08-25 12:00:00,,delayed,Ahmedabad
S0269,O0040,W006,V031,D031,2026-08-07 15:00:00,2026-08-12 15:00:00,,delayed,Delhi
S0270,O0305,W005,V003,D003,2026-08-25 18:00:00,2026-08-29 18:00:00,2026-08-28 18:00:00,delivered,Mumbai
S0271,O0451,W007,V027,D027,2026-08-31 03:00:00,2026-09-02 03:00:00,,in_transit,Hyderabad
S0272,O0476,W001,V041,D041,2026-08-26 20:00:00,2026-08-30 20:00:00,2026-08-29 20:00:00,delivered,Kolkata
S0273,O0290,W003,V021,D021,2026-08-18 07:00:00,2026-08-20 07:00:00,2026-08-19 07:00:00,delivered,Bengaluru
S0274,O0386,W010,V037,D037,2026-08-18 02:00:00,2026-08-20 02:00:00,2026-08-21 02:00:00,delivered,Lucknow
S0275,O0173,W002,V031,D031,2026-08-20 01:00:00,2026-08-25 01:00:00,2026-08-24 01:00:00,delivered,Ahmedabad
S0276,O0067,W003,V031,D031,2026-08-19 06:00:00,2026-08-23 06:00:00,2026-08-23 06:00:00,delivered,Jaipur
S0277,O0037,W005,V050,D050,2026-08-15 10:00:00,2026-08-20 10:00:00,2026-08-19 10:00:00,delivered,Mumbai
S0278,O0179,W004,V021,D021,2026-08-13 19:00:00,2026-08-14 19:00:00,,delayed,Lucknow
S0279,O0180,W010,V029,D029,2026-08-21 04:00:00,2026-08-25 04:00:00,2026-08-26 04:00:00,delivered,Chandigarh
S0280,O0192,W003,V049,D049,2026-08-25 02:00:00,2026-08-26 02:00:00,,in_transit,Jaipur
S0281,O0486,W010,V010,D010,2026-08-29 09:00:00,2026-08-30 09:00:00,2026-09-01 09:00:00,delivered,Bengaluru
S0282,O0242,W001,V022,D022,2026-08-08 17:00:00,2026-08-10 17:00:00,2026-08-09 17:00:00,delivered,Kolkata
S0283,O0248,W010,V047,D047,2026-08-06 00:00:00,2026-08-10 00:00:00,,in_transit,Chandigarh
S0284,O0270,W001,V017,D017,2026-08-07 01:00:00,2026-08-10 01:00:00,2026-08-09 01:00:00,delivered,Noida
S0285,O0239,W001,V005,D005,2026-08-14 08:00:00,2026-08-17 08:00:00,,delayed,Noida
S0286,O0150,W007,V015,D015,2026-08-14 16:00:00,2026-08-15 16:00:00,,delayed,Bengaluru
S0287,O0444,W010,V035,D035,2026-08-04 05:00:00,2026-08-06 05:00:00,2026-08-06 05:00:00,delivered,Noida
S0288,O0127,W009,V020,D020,2026-08-12 15:00:00,2026-08-16 15:00:00,,in_transit,Noida
S0289,O0178,W006,V023,D023,2026-08-22 09:00:00,2026-08-24 09:00:00,,cancelled,Kolkata
S0290,O0142,W001,V041,D041,2026-08-10 12:00:00,2026-08-11 12:00:00,,cancelled,Gurugram
S0291,O0116,W003,V022,D022,2026-08-30 12:00:00,2026-09-01 12:00:00,2026-09-01 12:00:00,delivered,Pune
S0292,O0124,W010,V010,D010,2026-08-15 09:00:00,2026-08-20 09:00:00,2026-08-20 09:00:00,delivered,Chandigarh
S0293,O0071,W010,V035,D035,2026-08-23 06:00:00,2026-08-25 06:00:00,2026-08-25 06:00:00,delivered,Pune
S0294,O0466,W003,V042,D042,2026-08-31 18:00:00,2026-09-02 18:00:00,2026-09-02 18:00:00,delivered,Lucknow
S0295,O0163,W003,V047,D047,2026-08-02 10:00:00,2026-08-06 10:00:00,,cancelled,Gurugram
S0296,O0227,W005,V010,D010,2026-08-26 06:00:00,2026-08-27 06:00:00,2026-08-26 06:00:00,delivered,Hyderabad
S0297,O0291,W010,V015,D015,2026-08-21 07:00:00,2026-08-23 07:00:00,,in_transit,Mumbai
S0298,O0041,W008,V009,D009,2026-08-18 19:00:00,2026-08-22 19:00:00,,in_transit,Mumbai
S0299,O0095,W007,V032,D032,2026-08-17 04:00:00,2026-08-19 04:00:00,2026-08-19 04:00:00,delivered,Gurugram
S0300,O0487,W007,V015,D015,2026-08-25 06:00:00,2026-08-27 06:00:00,2026-08-29 06:00:00,delivered,Hyderabad
S0300,O0251,W006,V030,D030,2026-08-30 07:00:00,2026-09-03 07:00:00,2026-09-02 07:00:00,delivered,Ahmedabad
S0302,O0161,W007,V040,D040,2026-08-25 18:00:00,2026-08-30 18:00:00,2026-08-30 18:00:00,delivered,Kolkata
S0303,O0056,W008,V030,D030,2026-08-28 01:00:00,2026-08-30 01:00:00,2026-08-30 01:00:00,delivered,Kolkata
S0304,O0199,W009,V049,D049,2026-08-22 01:00:00,2026-08-24 01:00:00,2026-08-23 01:00:00,delivered,Gurugram
S0305,O0237,W003,V028,D028,2026-08-11 19:00:00,2026-08-12 19:00:00,,in_transit,Lucknow
S0306,O0238,W008,V006,D006,2026-08-25 16:00:00,2026-08-26 16:00:00,2026-08-26 16:00:00,delivered,Pune
S0307,O0212,W006,V029,D029,2026-08-02 05:00:00,2026-08-06 05:00:00,,in_transit,Ahmedabad
S0308,O0459,W004,V030,D030,2026-08-04 08:00:00,2026-08-07 08:00:00,,in_transit,Ahmedabad
S0309,O0408,W003,V046,D046,2026-08-25 03:00:00,2026-08-26 03:00:00,2026-08-25 03:00:00,delivered,Delhi
S0310,O0269,W007,V047,D047,2026-08-27 16:00:00,2026-09-01 16:00:00,,cancelled,Pune
S0311,O0282,W007,V003,D003,2026-08-26 05:00:00,2026-08-29 05:00:00,2026-08-29 05:00:00,delivered,Lucknow
S0312,O0445,W003,V012,D012,2026-08-26 01:00:00,2026-08-30 01:00:00,2026-08-29 01:00:00,delivered,Gurugram
S0313,O0321,W003,V008,D008,2026-08-30 04:00:00,2026-09-01 04:00:00,2026-09-02 04:00:00,delivered,Bengaluru
S0314,O0255,W008,V035,D035,2026-08-27 00:00:00,2026-09-01 00:00:00,,delayed,Jaipur
S0315,O0112,W010,V043,D043,2026-08-17 14:00:00,2026-08-21 14:00:00,2026-08-21 14:00:00,delivered,Jaipur
S0316,O0452,W009,V018,D018,2026-08-21 20:00:00,2026-08-26 20:00:00,,delayed,Jaipur
S0317,O0026,W003,V010,D010,2026-08-03 20:00:00,2026-08-06 20:00:00,2026-08-08 20:00:00,delivered,Mumbai
S0318,O0472,W002,V004,D004,2026-08-05 13:00:00,2026-08-07 13:00:00,2026-08-07 13:00:00,delivered,Bengaluru
S0319,O0384,W010,V024,D024,2026-08-31 01:00:00,2026-09-01 01:00:00,,delayed,Mumbai
S0320,O0189,W007,V005,D005,2026-08-26 13:00:00,2026-08-31 13:00:00,2026-08-31 13:00:00,delivered,Ahmedabad
S0321,O0441,W005,V022,D022,2026-08-18 13:00:00,2026-08-23 13:00:00,2026-08-23 13:00:00,delivered,Delhi
S0322,O0293,W009,V006,D006,2026-08-17 19:00:00,2026-08-20 19:00:00,2026-08-22 19:00:00,delivered,Kolkata
S0323,O0295,W010,V023,D023,2026-08-31 04:00:00,2026-09-05 04:00:00,2026-09-04 04:00:00,delivered,Bengaluru
S0324,O0414,W003,V040,D040,2026-08-09 09:00:00,2026-08-11 09:00:00,2026-08-11 09:00:00,delivered,Ahmedabad
S0325,O0435,W004,V040,D040,2026-08-15 13:00:00,2026-08-16 13:00:00,2026-08-16 13:00:00,delivered,Noida
S0326,O0328,W004,V045,D045,2026-08-11 08:00:00,2026-08-12 08:00:00,2026-08-11 08:00:00,delivered,Noida
S0327,O0059,W006,V022,D022,2026-08-14 18:00:00,2026-08-19 18:00:00,,cancelled,Lucknow
S0328,O0100,W006,V022,D022,2026-08-31 15:00:00,2026-09-04 15:00:00,,delayed,Chandigarh
S0329,O0070,W008,V010,D010,2026-08-22 14:00:00,2026-08-27 14:00:00,,delayed,Bengaluru
S0330,O0402,W007,V048,D048,2026-08-03 16:00:00,2026-08-06 16:00:00,2026-08-06 16:00:00,delivered,Jaipur
S0331,O0296,W006,V023,D023,2026-08-04 04:00:00,2026-08-07 04:00:00,,delayed,Mumbai
S0332,O0193,W009,V011,D011,2026-08-20 19:00:00,2026-08-24 19:00:00,2026-08-23 19:00:00,delivered,Ahmedabad
S0333,O0440,W006,V046,D046,2026-08-03 08:00:00,2026-08-07 08:00:00,2026-08-09 08:00:00,delivered,Bengaluru
S0334,O0425,W005,V014,D014,2026-08-18 09:00:00,2026-08-20 09:00:00,2026-08-21 09:00:00,delivered,Delhi
S0335,O0228,W009,V002,D002,2026-08-27 15:00:00,2026-09-01 15:00:00,2026-08-31 15:00:00,delivered,Ahmedabad
S0336,O0448,W009,V020,D020,2026-08-26 10:00:00,2026-08-28 10:00:00,,delayed,Delhi
S0337,O0421,W009,V044,D044,2026-08-06 06:00:00,2026-08-07 06:00:00,2026-08-07 06:00:00,delivered,Noida
S0338,O0160,W001,V044,D044,2026-08-29 19:00:00,2026-08-30 19:00:00,2026-08-31 19:00:00,delivered,Kolkata
S0339,O0393,W005,V002,D002,2026-08-20 09:00:00,2026-08-22 09:00:00,2026-08-21 09:00:00,delivered,Kolkata
S0340,O0164,W008,V043,D043,2026-08-05 08:00:00,2026-08-07 08:00:00,2026-08-07 08:00:00,delivered,Jaipur
S0341,O0278,W006,V036,D036,2026-08-12 08:00:00,2026-08-14 08:00:00,,cancelled,Gurugram
S0342,O0294,W004,V011,D011,2026-08-04 09:00:00,2026-08-09 09:00:00,,delayed,Kolkata
S0343,O0228,W001,V009,D009,2026-08-02 15:00:00,2026-08-03 15:00:00,2026-08-02 15:00:00,delivered,Pune
S0344,O0092,W010,V038,D038,2026-08-22 14:00:00,2026-08-27 14:00:00,2026-08-27 14:00:00,delivered,Ahmedabad
S0345,O0389,W009,V006,D006,2026-08-31 14:00:00,2026-09-05 14:00:00,2026-09-07 14:00:00,delivered,Delhi
S0346,O0234,W005,V044,D044,2026-08-22 14:00:00,2026-08-26 14:00:00,2026-08-25 14:00:00,delivered,Mumbai
S0347,O0201,W003,V045,D045,2026-08-31 10:00:00,2026-09-03 10:00:00,2026-09-02 10:00:00,delivered,Delhi
S0348,O0180,W008,V030,D030,2026-08-29 05:00:00,2026-09-01 05:00:00,,delayed,Hyderabad
S0349,O0295,W003,V033,D033,2026-08-05 12:00:00,2026-08-06 12:00:00,2026-08-05 12:00:00,delivered,Kolkata
S0350,O0237,W007,V038,D038,2026-08-15 07:00:00,2026-08-20 07:00:00,2026-08-19 07:00:00,delivered,Pune
S0351,O0034,W006,V014,D014,2026-08-28 18:00:00,2026-09-01 18:00:00,,delayed,Pune
S0352,O0291,W006,V035,D035,2026-08-24 07:00:00,2026-08-26 07:00:00,,in_transit,Delhi
S0353,O0379,W010,V032,D032,2026-08-05 18:00:00,2026-08-10 18:00:00,2026-08-09 18:00:00,delivered,Lucknow
S0354,O0158,W007,V005,D005,2026-08-21 03:00:00,2026-08-26 03:00:00,,delayed,Pune
S0355,O0168,W008,V042,D042,2026-08-23 01:00:00,2026-08-24 01:00:00,2026-08-24 01:00:00,delivered,Lucknow
S0356,O0339,W003,V029,D029,2026-08-19 09:00:00,2026-08-23 09:00:00,,in_transit,Bengaluru
S0357,O0101,W004,V044,D044,2026-08-30 10:00:00,2026-09-02 10:00:00,2026-09-04 10:00:00,delivered,Pune
S0358,O0368,W006,V006,D006,2026-08-20 00:00:00,2026-08-25 00:00:00,,cancelled,Pune
S0359,O0434,W003,V019,D019,2026-08-03 11:00:00,2026-08-08 11:00:00,,cancelled,Noida
S0360,O0361,W009,V023,D023,2026-08-05 09:00:00,2026-08-06 09:00:00,2026-08-05 09:00:00,delivered,Chandigarh
S0361,O0163,W007,V026,D026,2026-08-14 13:00:00,2026-08-19 13:00:00,2026-08-19 13:00:00,delivered,Jaipur
S0362,O0285,W007,V024,D024,2026-08-28 13:00:00,2026-08-30 13:00:00,2026-08-31 13:00:00,delivered,Lucknow
S0363,O0006,W002,V042,D042,2026-08-02 04:00:00,2026-08-06 04:00:00,,in_transit,Lucknow
S0364,O0044,W003,V042,D042,2026-08-27 13:00:00,2026-08-31 13:00:00,,delayed,Ahmedabad
S0365,O0310,W007,V040,D040,2026-08-07 14:00:00,2026-08-12 14:00:00,2026-08-14 14:00:00,delivered,Mumbai
S0366,O0116,W003,V028,D028,2026-08-21 00:00:00,2026-08-26 00:00:00,2026-08-25 00:00:00,delivered,Pune
S0367,O0475,W009,V037,D037,2026-08-13 01:00:00,2026-08-14 01:00:00,2026-08-14 01:00:00,delivered,Hyderabad
S0368,O0247,W002,V010,D010,2026-08-25 16:00:00,2026-08-28 16:00:00,2026-08-28 16:00:00,delivered,Jaipur
S0369,O0242,W002,V044,D044,2026-08-22 17:00:00,2026-08-27 17:00:00,2026-08-26 17:00:00,delivered,Kolkata
S0370,O0399,W001,V031,D031,2026-08-16 16:00:00,2026-08-20 16:00:00,2026-08-19 16:00:00,delivered,Gurugram
S0371,O0149,W003,V003,D003,2026-08-24 19:00:00,2026-08-27 19:00:00,,in_transit,Hyderabad
S0372,O0134,W001,V041,D041,2026-08-17 18:00:00,2026-08-19 18:00:00,2026-08-18 18:00:00,delivered,Ahmedabad
S0373,O0320,W001,V019,D019,2026-08-17 02:00:00,2026-08-19 02:00:00,2026-08-21 02:00:00,delivered,Gurugram
S0374,O0068,W010,V018,D018,2026-08-10 08:00:00,2026-08-11 08:00:00,,in_transit,Hyderabad
S0375,O0090,W010,V048,D048,2026-08-06 14:00:00,2026-08-09 14:00:00,,delayed,Gurugram
S0376,O0401,W004,V032,D032,2026-08-07 16:00:00,2026-08-08 16:00:00,2026-08-08 16:00:00,delivered,Hyderabad
S0377,O0479,W003,V032,D032,2026-08-26 13:00:00,2026-08-30 13:00:00,2026-08-30 13:00:00,delivered,Jaipur
S0378,O0296,W006,V004,D004,2026-08-22 08:00:00,2026-08-23 08:00:00,2026-08-22 08:00:00,delivered,Gurugram
S0379,O0244,W009,V015,D015,2026-08-14 12:00:00,2026-08-18 12:00:00,2026-08-17 12:00:00,delivered,Noida
S0380,O0148,W008,V025,D025,2026-08-23 10:00:00,2026-08-28 10:00:00,,in_transit,Noida
S0381,O0050,W009,V041,D041,2026-08-13 13:00:00,2026-08-18 13:00:00,,delayed,Gurugram
S0382,O0172,W005,V018,D018,2026-08-27 03:00:00,2026-08-30 03:00:00,,in_transit,Pune
S0383,O0237,W004,V047,D047,2026-08-23 18:00:00,2026-08-25 18:00:00,2026-08-25 18:00:00,delivered,Mumbai
S0384,O0281,W001,V044,D044,2026-08-02 02:00:00,2026-08-03 02:00:00,2026-08-02 02:00:00,delivered,Mumbai
S0385,O0113,W005,V017,D017,2026-08-08 01:00:00,2026-08-09 01:00:00,,in_transit,Noida
S0386,O0481,W010,V043,D043,2026-08-30 06:00:00,2026-09-04 06:00:00,,in_transit,Ahmedabad
S0387,O0491,W002,V006,D006,2026-08-29 19:00:00,2026-08-31 19:00:00,2026-09-01 19:00:00,delivered,Delhi
S0388,O0357,W003,V017,D017,2026-08-11 14:00:00,2026-08-12 14:00:00,,in_transit,Gurugram
S0389,O0394,W007,V045,D045,2026-08-30 10:00:00,2026-09-02 10:00:00,2026-09-02 10:00:00,delivered,Pune
S0390,O0199,W006,V004,D004,2026-08-10 08:00:00,2026-08-12 08:00:00,2026-08-12 08:00:00,delivered,Hyderabad
S0391,O0202,W003,V042,D042,2026-08-17 03:00:00,2026-08-19 03:00:00,2026-08-19 03:00:00,delivered,Bengaluru
S0392,O0367,W005,V007,D007,2026-08-03 02:00:00,2026-08-04 02:00:00,2026-08-03 02:00:00,delivered,Noida
S0393,O0460,W008,V010,D010,2026-08-22 20:00:00,2026-08-23 20:00:00,,delayed,Chandigarh
S0394,O0200,W005,V010,D010,2026-08-24 10:00:00,2026-08-28 10:00:00,2026-08-27 10:00:00,delivered,Bengaluru
S0395,O0224,W007,V047,D047,2026-08-26 02:00:00,2026-08-31 02:00:00,2026-08-30 02:00:00,delivered,Delhi
S0396,O0291,W009,V023,D023,2026-08-12 09:00:00,2026-08-16 09:00:00,2026-08-17 09:00:00,delivered,Mumbai
S0397,O0274,W006,V006,D006,2026-08-28 14:00:00,2026-08-31 14:00:00,,in_transit,Lucknow
S0398,O0284,W001,V025,D025,2026-08-23 06:00:00,2026-08-26 06:00:00,,in_transit,Delhi
S0399,O0323,W006,V032,D032,2026-08-04 20:00:00,2026-08-08 20:00:00,,in_transit,Lucknow
S0400,O0019,W004,V002,D002,2026-08-25 18:00:00,2026-08-27 18:00:00,2026-08-26 18:00:00,delivered,Bengaluru
S0401,O0274,W008,V002,D002,2026-08-03 10:00:00,2026-08-04 10:00:00,2026-08-03 10:00:00,delivered,Delhi
S0402,O0109,W009,V030,D030,2026-08-23 17:00:00,2026-08-25 17:00:00,,in_transit,Jaipur
S0403,O0474,W002,V003,D003,2026-08-25 04:00:00,2026-08-29 04:00:00,,in_transit,Bengaluru
S0404,O0465,W010,V003,D003,2026-08-09 20:00:00,2026-08-11 20:00:00,2026-08-10 20:00:00,delivered,Delhi
S0405,O0234,W010,V011,D011,2026-08-28 18:00:00,2026-08-29 18:00:00,,delivereddddd,Delhi
S0406,O0059,W008,V039,D039,2026-08-27 19:00:00,2026-08-29 19:00:00,2026-08-28 19:00:00,delivered,Ahmedabad
S0407,O0348,W007,V021,D021,2026-08-05 18:00:00,2026-08-10 18:00:00,2026-08-11 18:00:00,delivered,Noida
S0408,O0304,W003,V022,D022,2026-08-04 03:00:00,2026-08-07 03:00:00,2026-08-06 03:00:00,delivered,Kolkata
S0409,O0085,W008,V016,D016,2026-08-31 18:00:00,2026-09-01 18:00:00,2026-09-03 18:00:00,delivered,Lucknow
S0410,O0009,W008,V006,D006,2026-08-02 00:00:00,2026-08-04 00:00:00,,delayed,Ahmedabad
S0411,O0334,W010,V019,D019,2026-08-15 15:00:00,2026-08-17 15:00:00,2026-08-16 15:00:00,delivered,Pune
S0412,O0123,W003,V040,D040,2026-08-24 01:00:00,2026-08-29 01:00:00,2026-08-29 01:00:00,delivered,Chandigarh
S0413,O0424,W005,V023,D023,2026-08-15 00:00:00,2026-08-20 00:00:00,2026-08-20 00:00:00,delivered,Hyderabad
S0414,O0186,W009,V033,D033,2026-08-09 14:00:00,2026-08-11 14:00:00,2026-08-11 14:00:00,delivered,Chandigarh
S0415,O0433,W008,V032,D032,2026-08-07 05:00:00,2026-08-08 05:00:00,2026-08-08 05:00:00,delivered,Pune
S0416,O0129,W006,V040,D040,2026-08-27 14:00:00,2026-08-28 14:00:00,2026-08-28 14:00:00,delivered,Lucknow
S0417,O0403,W001,V032,D032,2026-08-18 03:00:00,2026-08-19 03:00:00,,delayed,Ahmedabad
S0418,O0228,W010,V038,D038,2026-08-12 13:00:00,2026-08-14 13:00:00,,in_transit,Mumbai
S0419,O0118,W002,V021,D021,2026-08-09 03:00:00,2026-08-11 03:00:00,,in_transit,Jaipur
S0420,O0193,W004,V005,D005,2026-08-17 18:00:00,2026-08-21 18:00:00,2026-08-21 18:00:00,delivered,Hyderabad
S0421,O0233,W003,V025,D025,2026-08-13 04:00:00,2026-08-17 04:00:00,,in_transit,Chandigarh
S0422,O0184,W005,V013,D013,2026-08-12 04:00:00,2026-08-13 04:00:00,,in_transit,Noida
S0423,O0144,W003,V008,D008,2026-08-29 14:00:00,2026-09-02 14:00:00,2026-09-03 14:00:00,delivered,Gurugram
S0424,O0310,W003,V041,D041,2026-08-21 05:00:00,2026-08-26 05:00:00,,cancelled,Jaipur
S0425,O0045,W007,V034,D034,2026-08-17 06:00:00,2026-08-22 06:00:00,2026-08-22 06:00:00,delivered,Ahmedabad
S0426,O0220,W004,V016,D016,2026-08-12 13:00:00,2026-08-17 13:00:00,2026-08-18 13:00:00,delivered,Hyderabad
S0427,O0460,W001,V027,D027,2026-08-03 01:00:00,2026-08-07 01:00:00,,in_transit,Kolkata
S0428,O0018,W007,V034,D034,2026-08-14 15:00:00,2026-08-15 15:00:00,2026-08-15 15:00:00,delivered,Ahmedabad
S0429,O0375,W007,V014,D014,2026-08-06 11:00:00,2026-08-09 11:00:00,2026-08-10 11:00:00,delivered,Bengaluru
S0430,O0343,W005,V011,D011,2026-08-24 14:00:00,2026-08-29 14:00:00,,in_transit,Noida
S0431,O0500,W008,V030,D030,2026-08-26 04:00:00,2026-08-30 04:00:00,2026-09-01 04:00:00,delivered,Ahmedabad
S0432,O0325,W001,V041,D041,2026-08-04 12:00:00,2026-08-07 12:00:00,2026-08-06 12:00:00,delivered,Ahmedabad
S0433,O0485,W010,V035,D035,2026-08-20 06:00:00,2026-08-21 06:00:00,,in_transit,Mumbai
S0434,O0377,W001,V033,D033,2026-08-31 11:00:00,2026-09-01 11:00:00,2026-09-01 11:00:00,delivered,Mumbai
S0435,O0188,W003,V042,D042,2026-08-19 02:00:00,2026-08-24 02:00:00,,in_transit,Jaipur
S0436,O0071,W006,V016,D016,2026-08-19 03:00:00,2026-08-23 03:00:00,,in_transit,Hyderabad
S0437,O0447,W004,V049,D049,2026-08-25 07:00:00,2026-08-28 07:00:00,2026-08-27 07:00:00,delivered,Gurugram
S0438,O0028,W002,V024,D024,2026-08-13 14:00:00,2026-08-17 14:00:00,2026-08-19 14:00:00,delivered,Ahmedabad
S0439,O0273,W009,V019,D019,2026-08-16 19:00:00,2026-08-19 19:00:00,,delayed,Ahmedabad
S0440,O0415,W002,V013,D013,2026-08-30 14:00:00,2026-08-31 14:00:00,2026-09-02 14:00:00,delivered,Delhi
S0441,O0056,W003,V018,D018,2026-08-05 04:00:00,2026-08-09 04:00:00,2026-08-09 04:00:00,delivered,Gurugram
S0442,O0214,W009,V009,D009,2026-08-17 11:00:00,2026-08-21 11:00:00,2026-08-20 11:00:00,delivered,Jaipur
S0443,O0033,W001,V015,D015,2026-08-28 16:00:00,2026-08-31 16:00:00,2026-08-30 16:00:00,delivered,Bengaluru
S0444,O0304,W009,V036,D036,2026-08-16 14:00:00,2026-08-19 14:00:00,2026-08-21 14:00:00,delivered,Lucknow
S0445,O0405,W005,V015,D015,2026-08-17 11:00:00,2026-08-20 11:00:00,,delayed,Noida
S0446,O0076,W006,V019,D019,2026-08-16 05:00:00,2026-08-21 05:00:00,,delayed,Ahmedabad
S0447,O0275,W005,V012,D012,2026-08-07 04:00:00,2026-08-09 04:00:00,2026-08-08 04:00:00,delivered,Hyderabad
S0448,O0065,W008,V017,D017,2026-08-13 05:00:00,2026-08-15 05:00:00,2026-08-14 05:00:00,delivered,Mumbai
S0449,O0076,W006,V029,D029,2026-08-19 05:00:00,2026-08-24 05:00:00,2026-08-26 05:00:00,delivered,Bengaluru
S0450,O0394,W003,V030,D030,2026-08-31 10:00:00,2026-09-02 10:00:00,2026-09-01 10:00:00,delivered,Chandigarh
S0451,O0362,W005,V031,D031,2026-08-30 09:00:00,2026-09-04 09:00:00,,in_transit,Hyderabad
S0452,O0374,W008,V022,D022,2026-08-24 03:00:00,2026-08-28 03:00:00,,delayed,Lucknow
S0453,O0348,W009,V008,D008,2026-08-11 00:00:00,2026-08-15 00:00:00,,in_transit,Jaipur
S0454,O0229,W006,V006,D006,2026-08-12 01:00:00,2026-08-17 01:00:00,,in_transit,Hyderabad
S0455,O0270,W004,V050,D050,2026-08-10 06:00:00,2026-08-11 06:00:00,2026-08-12 06:00:00,delivered,Kolkata
S0456,O0202,W004,V032,D032,2026-08-12 19:00:00,2026-08-17 19:00:00,2026-08-16 19:00:00,delivered,Pune
S0457,O0076,W007,V024,D024,2026-08-14 11:00:00,2026-08-15 11:00:00,2026-08-14 11:00:00,delivered,Kolkata
S0458,O0045,W004,V047,D047,2026-08-30 14:00:00,2026-09-03 14:00:00,,delayed,Gurugram
S0459,O0084,W007,V047,D047,2026-08-30 13:00:00,2026-09-01 13:00:00,,delayed,Hyderabad
S0460,O0045,W003,V014,D014,2026-08-11 15:00:00,2026-08-16 15:00:00,,cancelled,Delhi
S0461,O0478,W010,V049,D049,2026-08-14 02:00:00,2026-08-15 02:00:00,2026-08-17 02:00:00,delivered,Lucknow
S0462,O0285,W008,V046,D046,2026-08-20 04:00:00,2026-08-22 04:00:00,2026-08-21 04:00:00,delivered,Noida
S0463,O0422,W005,V038,D038,2026-08-11 15:00:00,2026-08-16 15:00:00,,in_transit,Jaipur
S0464,O0014,W001,V010,D010,2026-08-10 09:00:00,2026-08-14 09:00:00,2026-08-13 09:00:00,delivered,Pune
S0465,O0092,W008,V045,D045,2026-08-22 07:00:00,2026-08-23 07:00:00,2026-08-23 07:00:00,delivered,Hyderabad
S0466,O0382,W006,V038,D038,2026-08-17 18:00:00,2026-08-21 18:00:00,,delayed,Chandigarh
S0467,O0352,W008,V045,D045,2026-08-28 03:00:00,2026-08-31 03:00:00,2026-08-30 03:00:00,delivered,Lucknow
S0468,O0298,W001,V010,D010,2026-08-12 14:00:00,2026-08-14 14:00:00,2026-08-13 14:00:00,delivered,Pune
S0469,O0326,W006,V004,D004,2026-08-11 09:00:00,2026-08-16 09:00:00,,in_transit,Delhi
S0470,O0264,W004,V050,D050,2026-08-22 05:00:00,2026-08-23 05:00:00,,in_transit,Lucknow
S0471,O0279,W006,V021,D021,2026-08-28 09:00:00,2026-08-31 09:00:00,,in_transit,Ahmedabad
S0472,O0186,W002,V035,D035,2026-08-20 11:00:00,2026-08-22 11:00:00,2026-08-21 11:00:00,delivered,Bengaluru
S0473,O0211,W006,V011,D011,2026-08-05 06:00:00,2026-08-07 06:00:00,2026-08-08 06:00:00,delivered,Pune
S0474,O0236,W002,V008,D008,2026-08-28 04:00:00,2026-08-29 04:00:00,2026-08-28 04:00:00,delivered,Lucknow
S0475,O0419,W008,V039,D039,2026-08-18 10:00:00,2026-08-20 10:00:00,,in_transit,Noida
S0476,O0382,W002,V015,D015,2026-08-06 04:00:00,2026-08-08 04:00:00,2026-08-08 04:00:00,delivered,Pune
S0477,O0354,W002,V005,D005,2026-08-02 15:00:00,2026-08-06 15:00:00,2026-08-06 15:00:00,delivered,Bengaluru
S0478,O0061,W005,V003,D003,2026-08-04 09:00:00,2026-08-05 09:00:00,,in_transit,Delhi
S0479,O0472,W010,V014,D014,2026-08-20 06:00:00,2026-08-22 06:00:00,,in_transit,Noida
S0480,O0047,W003,V048,D048,2026-08-10 18:00:00,2026-08-13 18:00:00,2026-08-14 18:00:00,delivered,Kolkata
S0481,O0292,W002,V007,D007,2026-08-28 18:00:00,2026-08-29 18:00:00,2026-08-28 18:00:00,delivered,Lucknow
S0482,O0462,W009,V001,D001,2026-08-25 03:00:00,2026-08-27 03:00:00,,delayed,Ahmedabad
S0483,O0244,W006,V045,D045,2026-08-20 05:00:00,2026-08-24 05:00:00,,in_transit,Delhi
S0484,O0093,W006,V025,D025,2026-08-15 06:00:00,2026-08-20 06:00:00,2026-08-19 06:00:00,delivered,Delhi
S0485,O0239,W002,V034,D034,2026-08-06 15:00:00,2026-08-09 15:00:00,,in_transit,Kolkata
S0486,O0370,W001,V006,D006,2026-08-12 15:00:00,2026-08-13 15:00:00,2026-08-12 15:00:00,delivered,Chandigarh
S0487,O0500,W008,V015,D015,2026-08-19 13:00:00,2026-08-22 13:00:00,,cancelled,Pune
S0488,O0097,W002,V031,D031,2026-08-23 11:00:00,2026-08-25 11:00:00,2026-08-25 11:00:00,delivered,Pune
S0489,O0225,W009,V043,D043,2026-08-23 02:00:00,2026-08-24 02:00:00,2026-08-24 02:00:00,delivered,Ahmedabad
S0490,O0474,W003,V005,D005,2026-08-13 06:00:00,2026-08-16 06:00:00,2026-08-18 06:00:00,delivered,Delhi
S0491,O0120,W007,V047,D047,2026-08-17 08:00:00,2026-08-22 08:00:00,,in_transit,Chandigarh
S0492,O0483,W007,V023,D023,2026-08-17 19:00:00,2026-08-21 19:00:00,,cancelled,Kolkata
S0493,O0143,W003,V050,D050,2026-08-16 03:00:00,2026-08-17 03:00:00,2026-08-17 03:00:00,delivered,Noida
S0494,O0051,W001,V005,D005,2026-08-17 00:00:00,2026-08-19 00:00:00,2026-08-19 00:00:00,delivered,Gurugram
S0495,O0319,W010,V007,D007,2026-08-26 02:00:00,2026-08-31 02:00:00,,delayed,Bengaluru
S0496,O0104,W005,V043,D043,2026-08-17 15:00:00,2026-08-22 15:00:00,2026-08-22 15:00:00,delivered,Noida
S0497,O0221,W002,V025,D025,2026-08-16 10:00:00,2026-08-20 10:00:00,2026-08-20 10:00:00,delivered,Kolkata
S0498,O0338,W005,V046,D046,2026-08-07 15:00:00,2026-08-11 15:00:00,2026-08-10 15:00:00,delivered,Delhi
S0499,O0292,W008,V043,D043,2026-08-19 17:00:00,2026-08-24 17:00:00,2026-08-24 17:00:00,delivered,Kolkata
S0500,O0029,W007,V017,D017,2026-08-17 18:00:00,2026-08-21 18:00:00,,in_transit,Mumbai
S0501,O0393,W005,V021,D021,2026-08-03 00:00:00,2026-08-08 00:00:00,2026-08-10 00:00:00,delivered,Ahmedabad
S0502,O0299,W001,V049,D049,2026-08-30 20:00:00,2026-09-02 20:00:00,2026-09-01 20:00:00,delivered,Pune
S0503,O0180,W001,V043,D043,2026-08-09 07:00:00,2026-08-11 07:00:00,,in_transit,Hyderabad
S0504,O0044,W002,V020,D020,2026-08-05 10:00:00,2026-08-07 10:00:00,2026-08-06 10:00:00,delivered,Chandigarh
S0505,O0443,W007,V037,D037,2026-08-18 13:00:00,2026-08-21 13:00:00,2026-08-21 13:00:00,delivered,Mumbai
S0506,O0194,W010,V025,D025,2026-08-12 18:00:00,2026-08-13 18:00:00,,delayed,Delhi
S0507,O0354,W004,V022,D022,2026-08-17 16:00:00,2026-08-20 16:00:00,2026-08-19 16:00:00,delivered,Jaipur
S0508,O0255,W002,V035,D035,2026-08-08 09:00:00,2026-08-11 09:00:00,2026-08-13 09:00:00,delivered,Jaipur
S0509,O0320,W002,V046,D046,2026-08-29 18:00:00,2026-08-30 18:00:00,,in_transit,Gurugram
S0510,O0035,W010,V034,D034,2026-08-17 13:00:00,2026-08-19 13:00:00,2026-08-18 13:00:00,delivered,Kolkata
S0511,O0412,W005,V028,D028,2026-08-23 17:00:00,2026-08-26 17:00:00,2026-08-25 17:00:00,delivered,Chandigarh
S0512,O0391,W009,V012,D012,2026-08-30 00:00:00,2026-09-04 00:00:00,,delayed,Hyderabad
S0513,O0256,W004,V043,D043,2026-08-28 14:00:00,2026-08-31 14:00:00,,delayed,Kolkata
S0514,O0415,W010,V050,D050,2026-08-31 13:00:00,2026-09-05 13:00:00,,in_transit,Noida
S0515,O0268,W004,V024,D024,2026-08-16 04:00:00,2026-08-18 04:00:00,2026-08-17 04:00:00,delivered,Pune
S0516,O0211,W006,V005,D005,2026-08-22 06:00:00,2026-08-26 06:00:00,2026-08-26 06:00:00,delivered,Gurugram
S0517,O0352,W010,V016,D016,2026-08-14 07:00:00,2026-08-15 07:00:00,2026-08-14 07:00:00,delivered,Bengaluru
S0518,O0249,W009,V028,D028,2026-08-15 20:00:00,2026-08-16 20:00:00,2026-08-16 20:00:00,delivered,Gurugram
S0519,O0405,W005,V043,D043,2026-08-19 05:00:00,2026-08-20 05:00:00,,cancelled,Bengaluru
S0520,O0401,W001,V004,D004,2026-08-29 02:00:00,2026-09-01 02:00:00,,in_transit,Delhi
S0521,O0462,W007,V024,D024,2026-08-23 02:00:00,2026-08-27 02:00:00,,cancelled,Ahmedabad
S0522,O0432,W003,V016,D016,2026-08-05 18:00:00,2026-08-10 18:00:00,,delayed,Kolkata
S0523,O0341,W010,V050,D050,2026-08-31 16:00:00,2026-09-03 16:00:00,2026-09-03 16:00:00,delivered,Mumbai
S0524,O0169,W010,V048,D048,2026-08-14 07:00:00,2026-08-18 07:00:00,2026-08-18 07:00:00,delivered,Gurugram
S0525,O0226,W007,V017,D017,2026-08-29 18:00:00,2026-08-30 18:00:00,2026-08-30 18:00:00,delivered,Mumbai
S0526,O0280,W007,V031,D031,2026-08-23 07:00:00,2026-08-26 07:00:00,,delayed,Lucknow
S0527,O0186,W008,V046,D046,2026-08-13 09:00:00,2026-08-14 09:00:00,,in_transit,Hyderabad
S0528,O0018,W001,V045,D045,2026-08-31 07:00:00,2026-09-03 07:00:00,2026-09-02 07:00:00,delivered,Chandigarh
S0529,O0063,W009,V016,D016,2026-08-29 14:00:00,2026-09-02 14:00:00,2026-09-04 14:00:00,delivered,Gurugram
S0530,O0047,W004,V020,D020,2026-08-08 05:00:00,2026-08-12 05:00:00,,in_transit,Chandigarh
S0531,O0209,W001,V018,D018,2026-08-29 02:00:00,2026-09-02 02:00:00,2026-09-01 02:00:00,delivered,Ahmedabad
S0532,O0217,W002,V011,D011,2026-08-24 08:00:00,2026-08-29 08:00:00,2026-08-28 08:00:00,delivered,Bengaluru
S0533,O0356,W001,V049,D049,2026-08-03 20:00:00,2026-08-05 20:00:00,,in_transit,Chandigarh
S0534,O0070,W001,V026,D026,2026-08-08 20:00:00,2026-08-11 20:00:00,2026-08-11 20:00:00,delivered,Jaipur
S0535,O0265,W003,V039,D039,2026-08-23 13:00:00,2026-08-26 13:00:00,2026-08-27 13:00:00,delivered,Gurugram
S0536,O0089,W010,V021,D021,2026-08-27 09:00:00,2026-08-29 09:00:00,2026-08-28 09:00:00,delivered,Pune
S0537,O0484,W010,V015,D015,2026-08-02 00:00:00,2026-08-07 00:00:00,,in_transit,Chandigarh
S0538,O0118,W002,V030,D030,2026-08-08 08:00:00,2026-08-10 08:00:00,2026-08-09 08:00:00,delivered,Lucknow
S0539,O0046,W006,V011,D011,2026-08-20 03:00:00,2026-08-21 03:00:00,,in_transit,Pune
S0540,O0396,W008,V044,D044,2026-08-17 03:00:00,2026-08-19 03:00:00,,in_transit,Jaipur
S0541,O0485,W005,V019,D019,2026-08-25 15:00:00,2026-08-29 15:00:00,2026-08-30 15:00:00,delivered,Gurugram
S0542,O0373,W004,V027,D027,2026-08-07 13:00:00,2026-08-09 13:00:00,2026-08-10 13:00:00,delivered,Hyderabad
S0543,O0231,W004,V024,D024,2026-08-20 20:00:00,2026-08-24 20:00:00,2026-08-23 20:00:00,delivered,Ahmedabad
S0544,O0204,W004,V046,D046,2026-08-14 13:00:00,2026-08-19 13:00:00,2026-08-19 13:00:00,delivered,Noida
S0545,O0171,W004,V031,D031,2026-08-31 11:00:00,2026-09-05 11:00:00,,delayed,Hyderabad
S0546,O0364,W001,V001,D001,2026-08-10 16:00:00,2026-08-15 16:00:00,2026-08-17 16:00:00,delivered,Lucknow
S0547,O0496,W009,V003,D003,2026-08-20 05:00:00,2026-08-23 05:00:00,2026-08-22 05:00:00,delivered,Bengaluru
S0548,O0068,W002,V021,D021,2026-08-24 16:00:00,2026-08-28 16:00:00,2026-08-28 16:00:00,delivered,Lucknow
S0549,O0256,W005,V048,D048,2026-08-13 13:00:00,2026-08-16 13:00:00,,delayed,Gurugram
S0550,O0314,W005,V034,D034,2026-08-12 13:00:00,2026-08-14 13:00:00,2026-08-15 13:00:00,delivered,Kolkata
S0551,O0437,W008,V004,D004,2026-08-08 04:00:00,2026-08-09 04:00:00,2026-08-08 04:00:00,delivered,Lucknow
S0552,O0362,W008,V028,D028,2026-08-05 15:00:00,2026-08-06 15:00:00,2026-08-08 15:00:00,delivered,Bengaluru
S0553,O0253,W002,V047,D047,2026-08-29 04:00:00,2026-08-30 04:00:00,2026-08-29 04:00:00,delivered,Lucknow
S0554,O0428,W003,V048,D048,2026-08-18 08:00:00,2026-08-23 08:00:00,,delayed,Hyderabad
S0555,O0109,W010,V001,D001,2026-08-18 18:00:00,2026-08-20 18:00:00,2026-08-19 18:00:00,delivered,Chandigarh
S0556,O0049,W006,V002,D002,2026-08-11 03:00:00,2026-08-15 03:00:00,2026-08-16 03:00:00,delivered,Mumbai
S0557,O0079,W001,V006,D006,2026-08-16 15:00:00,2026-08-20 15:00:00,,in_transit,Gurugram
S0558,O0305,W001,V022,D022,2026-08-03 20:00:00,2026-08-08 20:00:00,,cancelled,Mumbai
S0559,O0486,W010,V009,D009,2026-08-08 01:00:00,2026-08-11 01:00:00,2026-08-11 01:00:00,delivered,Kolkata
S0560,O0488,W010,V025,D025,2026-08-04 12:00:00,2026-08-07 12:00:00,2026-08-09 12:00:00,delivered,Delhi
S0561,O0011,W004,V011,D011,2026-08-14 12:00:00,2026-08-17 12:00:00,,in_transit,Chandigarh
S0562,O0079,W002,V020,D020,2026-08-17 13:00:00,2026-08-20 13:00:00,,delayed,Hyderabad
S0563,O0068,W006,V043,D043,2026-08-05 11:00:00,2026-08-10 11:00:00,2026-08-09 11:00:00,delivered,Bengaluru
S0564,O0138,W010,V039,D039,2026-08-15 02:00:00,2026-08-19 02:00:00,,delayed,Hyderabad
S0565,O0096,W007,V041,D041,2026-08-15 02:00:00,2026-08-16 02:00:00,2026-08-17 02:00:00,delivered,Chandigarh
S0566,O0352,W003,V032,D032,2026-08-18 20:00:00,2026-08-23 20:00:00,2026-08-23 20:00:00,delivered,Bengaluru
S0567,O0154,W003,V009,D009,2026-08-23 09:00:00,2026-08-25 09:00:00,2026-08-25 09:00:00,delivered,Kolkata
S0568,O0040,W001,V033,D033,2026-08-05 16:00:00,2026-08-09 16:00:00,2026-08-08 16:00:00,delivered,Mumbai
S0569,O0131,W010,V006,D006,2026-08-26 16:00:00,2026-08-27 16:00:00,2026-08-27 16:00:00,delivered,Lucknow
S0570,O0432,W007,V003,D003,2026-08-04 13:00:00,2026-08-07 13:00:00,2026-08-06 13:00:00,delivered,Hyderabad
S0571,O0414,W005,V022,D022,2026-08-31 05:00:00,2026-09-02 05:00:00,2026-09-01 05:00:00,delivered,Chandigarh
S0572,O0055,W007,V035,D035,2026-08-02 00:00:00,2026-08-06 00:00:00,2026-08-05 00:00:00,delivered,Bengaluru
S0573,O0355,W007,V043,D043,2026-08-25 19:00:00,2026-08-29 19:00:00,2026-08-31 19:00:00,delivered,Ahmedabad
S0574,O0345,W007,V020,D020,2026-08-04 04:00:00,2026-08-06 04:00:00,2026-08-06 04:00:00,delivered,Ahmedabad
S0575,O0497,W004,V002,D002,2026-08-08 15:00:00,2026-08-10 15:00:00,,in_transit,Pune
S0576,O0432,W009,V013,D013,2026-08-04 09:00:00,2026-08-08 09:00:00,2026-08-08 09:00:00,delivered,Lucknow
S0577,O0463,W003,V048,D048,2026-08-24 14:00:00,2026-08-28 14:00:00,2026-08-29 14:00:00,delivered,Jaipur
S0578,O0151,W010,V026,D026,2026-08-03 10:00:00,2026-08-04 10:00:00,2026-08-06 10:00:00,delivered,Pune
S0579,O0435,W008,V048,D048,2026-08-20 19:00:00,2026-08-25 19:00:00,,cancelled,Noida
S0580,O0250,W007,V032,D032,2026-08-18 18:00:00,2026-08-23 18:00:00,,delayed,Bengaluru
S0581,O0119,W001,V034,D034,2026-08-02 13:00:00,2026-08-07 13:00:00,2026-08-06 13:00:00,delivered,Bengaluru
S0582,O0060,W008,V040,D040,2026-08-22 11:00:00,2026-08-26 11:00:00,,in_transit,Noida
S0583,O0083,W005,V047,D047,2026-08-08 15:00:00,2026-08-11 15:00:00,2026-08-10 15:00:00,delivered,Hyderabad
S0584,O0437,W008,V009,D009,2026-08-30 09:00:00,2026-09-03 09:00:00,,cancelled,Chandigarh
S0585,O0335,W006,V031,D031,2026-08-27 05:00:00,2026-09-01 05:00:00,2026-09-01 05:00:00,delivered,Chandigarh
S0586,O0248,W003,V012,D012,2026-08-08 05:00:00,2026-08-13 05:00:00,2026-08-15 05:00:00,delivered,Gurugram
S0587,O0121,W004,V036,D036,2026-08-03 00:00:00,2026-08-06 00:00:00,,delayed,Mumbai
S0588,O0347,W003,V012,D012,2026-08-28 16:00:00,2026-08-29 16:00:00,,delayed,Mumbai
S0589,O0221,W002,V040,D040,2026-08-09 03:00:00,2026-08-14 03:00:00,2026-08-13 03:00:00,delivered,Mumbai
S0590,O0394,W001,V050,D050,2026-08-30 17:00:00,2026-09-02 17:00:00,,delayed,Ahmedabad
S0591,O0448,W009,V039,D039,2026-08-23 03:00:00,2026-08-24 03:00:00,,delayed,Bengaluru
S0592,O0410,W008,V049,D049,2026-08-05 03:00:00,2026-08-10 03:00:00,,in_transit,Delhi
S0593,O0422,W009,V003,D003,2026-08-18 03:00:00,2026-08-20 03:00:00,,in_transit,Jaipur
S0594,O0467,W006,V011,D011,2026-08-25 09:00:00,2026-08-29 09:00:00,,delayed,Bengaluru
S0595,O0376,W002,V010,D010,2026-08-22 11:00:00,2026-08-25 11:00:00,,delayed,Delhi
S0596,O0435,W004,V029,D029,2026-08-15 00:00:00,2026-08-17 00:00:00,,delayed,Bengaluru
S0597,O0175,W005,V033,D033,2026-08-07 02:00:00,2026-08-10 02:00:00,2026-08-12 02:00:00,delivered,Chandigarh
S0598,O0341,W004,V010,D010,2026-08-26 16:00:00,2026-08-30 16:00:00,,delayed,Lucknow
S0599,O0411,W007,V027,D027,2026-08-31 13:00:00,2026-09-04 13:00:00,,cancelled,Kolkata
S0600,O0407,W006,V002,D002,2026-08-16 04:00:00,2026-08-17 04:00:00,,in_transit,Kolkata
